iter	MultiClass
0	0.8367635966
1	0.7220535034
2	0.6326267141
3	0.582891782
4	0.5510146653
5	0.5378904004
6	0.493354416
7	0.4705497648
8	0.4563427497
9	0.4461348021
